reviewId,userName,userImage,content,score,thumbsUpCount,reviewCreatedVersion,at,replyContent,repliedAt,appVersion
4e9cb7ee-02fc-449c-83f8-859d1c5747dd,Owena Lungu,https://play-lh.googleusercontent.com/a/ACg8ocISoLyBnAK2VGVBEpNgM7ycW9ND9T2fApnZDlfSI9MAxxlq8Q=mo,Best ever,4,0,556.1.0.63.64,2026-05-15 10:19:33,,,556.1.0.63.64
c23c5ea8-a3a8-4e10-82bf-bc797a3e1996,Govind Dhurve,https://play-lh.googleusercontent.com/a/ACg8ocJ6U9cXFy7oqnUHyjDo-wbNMh0toA89uGlzLak1cwG3Qz-OSA=mo,🥰,5,0,561.0.0.42.67,2026-05-15 10:18:16,,,561.0.0.42.67
94c95e4a-050f-4224-aebb-d4e25ce5b8ce,MD RA SE L,https://play-lh.googleusercontent.com/a/ACg8ocLE4469YkHKQIQCzbFHGEl3Phd1mntki0z2M9AF8iA2Y38Qmg=mo,thank you so much,5,0,560.0.0.57.63,2026-05-15 10:18:04,,,560.0.0.57.63
cac74416-8570-4241-a33d-024c4b39ec5e,hbgcndmsheso,https://play-lh.googleusercontent.com/a/ACg8ocIuoA7T7BjQncorqRUCO7PFlBcIGC1VkGjiFwiZL6TYCDSjaQ=mo,"I’ve had a great experience using Facebook. It’s perfect for chatting, sharing photos, watching videos, and discovering new communities. The app is constantly improving, which makes it even better.",5,0,,2026-05-15 10:17:35,,,
c89aedf8-6f33-4d85-931a-ee09d9c75b40,Zerianiener,https://play-lh.googleusercontent.com/a/ACg8ocKMLq7_9a4JTaC5xS-e_INgT1X6psUybqUXu8al73OQJLn1gA=mo,"Facebook is a wonderful platform for connecting with people worldwide. I enjoy the entertaining videos, community groups, and messaging features. The app is easy to use and very enjoyable.",5,0,,2026-05-15 10:16:31,,,
973a4651-e03b-4616-8a02-df412eb4cfbc,Amitdev Der,https://play-lh.googleusercontent.com/a/ACg8ocLNHjWJlqpmocfGd5UMhKAc-7H9Xy2uz470eei_46D7JYS8Rg=mo,very nice ji,5,0,554.0.0.57.70,2026-05-15 10:14:54,,,554.0.0.57.70
d76bb745-cb49-42b5-ae83-984fd86cde95,Md Akash mia,https://play-lh.googleusercontent.com/a/ACg8ocLDhaYqVa9y2zFmef36toD7Hzm7hv24H2eSOqb7G7ART964Iw=mo,good,5,0,561.0.0.42.67,2026-05-15 10:14:40,,,561.0.0.42.67
25f8c2e7-fdfc-4a9e-916c-cbd126f145b7,Amir Khan,https://play-lh.googleusercontent.com/a-/ALV-UjXFngWLuDiI4QVw9z0FddAY85lU6jVFR-pMy9gGCZVEHvWzAAb2yQ,good,4,0,561.0.0.42.67,2026-05-15 10:14:21,,,561.0.0.42.67
f8cc796d-44e3-4b2e-bc59-6400a1f13b43,Viji_Vadivelp 66,https://play-lh.googleusercontent.com/a/ACg8ocKQST4XO9HtdwE0IWwkwbSwvuFgBGaguW_sMz610Lga5nxynzQ=mo,good 🤍,5,0,,2026-05-15 10:14:17,,,
e3eb3d92-d393-47a2-8dfe-0bc56ff18c8e,Abubakar Saidu,https://play-lh.googleusercontent.com/a/ACg8ocJ5UaUotBzk1KI27k8Bi4Pa184onrGQMj9kw-0_S_ZNnnpfcg=mo,it the best,2,0,,2026-05-15 10:13:21,,,
7ceacb7e-57ac-4daf-aee2-27281ace6537,Rubina Mohanty,https://play-lh.googleusercontent.com/a-/ALV-UjVAET2g2v1IKsog5OCXP5GoV5rw1hT5T8pJp0JiuZaW2v1ie_g,very nice app,5,0,,2026-05-15 10:13:19,,,
3a43b51d-c911-4ed7-a013-8129a67820e2,Shah Rukh,https://play-lh.googleusercontent.com/a-/ALV-UjXwyor7mOQbVXnDxC8M4PRJja2uVx4aSFOWIw-aLjMYd5BH7z4eTg,good entertainment,5,0,560.0.0.57.63,2026-05-15 10:12:24,,,560.0.0.57.63
85c694e0-7cfe-4a2a-b626-65a3effeeb85,shoaib khan,https://play-lh.googleusercontent.com/a-/ALV-UjVKE79uHq2epSTLfHhMGvUjo21W461MZkhwBULYPp4aUjKBkdwL,So boring app I hate Facebook because it is bringing update day by day it is very confusing for me and you must not bring update thanks,5,0,560.0.0.57.63,2026-05-15 10:09:26,,,560.0.0.57.63
ba35a022-25a3-4f21-a1ed-64aef998de0d,SAGAR NAYAK MUSIC,https://play-lh.googleusercontent.com/a-/ALV-UjUli4SiqQPLgENiJBC2SefieOqMUj0aDB56j1I9ZlizZGe-8GOG,super,5,0,561.0.0.42.67,2026-05-15 10:09:11,,,561.0.0.42.67
e692cdb9-2c07-413e-aeb2-2def2bf16e97,Uzair Iqbal,https://play-lh.googleusercontent.com/a-/ALV-UjUhjE--QX1-uqV030mlrryTiEPiyJvphmMl0I8KA-4lsms8Xv0q,"I used Facebook for selling local products, and it used to be great. But recently, it’s become extremely frustrating. Accounts and Marketplace access are getting randomly restricted or banned with no clear reason or warning. There’s no transparency at all, and the support system is completely useless. It’s now very difficult to run a small business like this. Honestly, Facebook is no longer a reliable platform for selling.",1,0,557.0.0.59.72,2026-05-15 10:09:09,,,557.0.0.59.72
786f0554-9aeb-4db9-b5ea-6be67a1d2d3c,Mybrother,https://play-lh.googleusercontent.com/a-/ALV-UjXh8K085cRjjlNawDi4-JBnpqI6DZR-wzuRtvN3VcbnOuatilU,ok,5,0,561.0.0.42.67,2026-05-15 10:08:17,,,561.0.0.42.67
474088b6-c9e2-4a58-b502-c221f9e4fe48,Woti Jonathan,https://play-lh.googleusercontent.com/a-/ALV-UjUYF2kF_mC04lsuqFht38or4I5iNYI5S2PyRdZXE0KuTVHF5NU,Good Good thanks,3,0,538.0.0.53.70,2026-05-15 10:06:13,,,538.0.0.53.70
61a62f08-cbba-4ad8-8c92-d9e6f4199fd6,Md. Nur Makshedul Alam,https://play-lh.googleusercontent.com/a/ACg8ocK5le1yHKjKpB0_At4APfUNqAfQUvPuxly1wDAEvzViXSJQrQ=mo,good.,5,0,561.0.0.42.67,2026-05-15 10:05:35,,,561.0.0.42.67
5e9246b7-d3b4-43ee-b810-7f4f31edd3ed,Saleh Mughal,https://play-lh.googleusercontent.com/a-/ALV-UjUKj_CjXgWpyNOnMAR6lpRKcreDmJzSpYw--GWz4VXFGcwmyO1C,Friendly and trustworthy,5,0,561.0.0.42.67,2026-05-15 10:05:30,,,561.0.0.42.67
e8389a77-74ac-4b22-9bd0-018d5162c62e,V. K. Raj,https://play-lh.googleusercontent.com/a-/ALV-UjXdHZAudLQXds_kFLuBSfgKKhqOce87LHOIudYCeRMndEzt6GpI,best app,5,0,560.0.0.57.63,2026-05-15 10:05:21,,,560.0.0.57.63
c88d2cdb-b05e-42ba-845a-cc3d19e60ebc,Vhinz Cubar,https://play-lh.googleusercontent.com/a/ACg8ocK38fJeGABhflZRDyTO_6ZTWc5hiYMnPkqi-l5OcGUcYyDGdIw=mo,a lot of fake news,1,0,328.0.0.22.119,2026-05-15 10:03:39,,,328.0.0.22.119
5dfc441a-b136-4607-b76b-c0096f86674a,Manvendra pratap Singh,https://play-lh.googleusercontent.com/a-/ALV-UjXnqX6le8MUR7DtZpTcBHd11JezT8-uGb175iX_QVRKuNouNRcC,very good,5,0,554.0.0.57.70,2026-05-15 10:01:52,,,554.0.0.57.70
d8e5a9b6-6567-48c5-b077-6b0c0f0995c6,Md Rasel tulatoli,https://play-lh.googleusercontent.com/a/ACg8ocJ5CvMiOGqWhp5argOLIANRmoA62Ntp-FeujyMTc-QurlSAHA=mo,my New aid,5,0,560.0.0.57.63,2026-05-15 09:59:46,,,560.0.0.57.63
78e31484-9642-4eeb-9e2d-33095dc5e8b0,Md Mehedi,https://play-lh.googleusercontent.com/a-/ALV-UjVZGS1wBqA8vj8pul-QdA7VhKToK76QjhCnC3R-me6TUbemED0,Nice,5,0,560.0.0.57.63,2026-05-15 09:58:58,,,560.0.0.57.63
3ae51cd2-5a0f-4aa4-b05d-323fa1de3094,Tamim Hasan,https://play-lh.googleusercontent.com/a-/ALV-UjV5dL-yJMeqamjroSq_a9f4SkGE4rH_ukoVTUt8zt6jhTMbkvEC,"The love of many people,",5,0,557.0.0.59.72,2026-05-15 09:58:36,,,557.0.0.59.72
d3265e31-664a-4fa8-ba69-0346daa9cb4d,Naveed alam,https://play-lh.googleusercontent.com/a/ACg8ocKrN5I8h8q1-DFgrWGoBMZm6dZMhEbNzvGX-mezkH_5gU6hTw=mo,like,5,0,,2026-05-15 09:58:33,,,
dd766fd1-2712-4c64-abfb-9088d09622ed,Sonu kumar Singh,https://play-lh.googleusercontent.com/a-/ALV-UjVaIJyvr44nRivMJxI7JRY6lPM5VOGKCebbnEfSUBVpzYD4bNL8,good,5,0,560.0.0.57.63,2026-05-15 09:57:33,,,560.0.0.57.63
271a459c-51fd-4c73-ac03-9ec274472e61,Inka Nab,https://play-lh.googleusercontent.com/a-/ALV-UjXPXpTQwUIxbFDFHJFiGSbhAoxiYICGEjJn4bDEJa_2ErhQ1B0TqQ,"Facebook is a great app for staying connected with friends, family, customers, and communities. Easy to use for sharing photos, videos, business promotions, and live updates. I also enjoy the marketplace and group features. Overall, a very useful social media platform!",5,0,396.1.0.28.104,2026-05-15 09:57:17,,,396.1.0.28.104
8ce71afd-13dd-45e6-b15e-a3ec169f9380,Obi Christopher,https://play-lh.googleusercontent.com/a/ACg8ocJGql_OUvf-DjFzJAoGPaV8vM0KuVuJVmC3-VUtAMvswz-SzA=mo,wonderful,5,0,560.0.0.57.63,2026-05-15 09:57:07,,,560.0.0.57.63
569bbe07-7376-43f2-880a-b96d4b201243,Geetha geetha Geetha,https://play-lh.googleusercontent.com/a/ACg8ocIzRtFiVsvHT7s2Yp2Mn14xdpqFO972yT7GtdrjG3NDyc1bIg=mo,good app,5,0,547.0.0.41.68,2026-05-15 09:57:01,,,547.0.0.41.68
81edaa49-2964-4532-88d5-bf71d9f33c5a,Jun Hernandez,https://play-lh.googleusercontent.com/a/ACg8ocIomsdzeMcoQfK1cDtwg9z_mY63brbqmN8K3sE_tLernsSJUw=mo,good,5,0,560.0.0.57.63,2026-05-15 09:55:46,,,560.0.0.57.63
4123963d-efa8-45f0-865a-75d814fff885,Saif Yousafzai,https://play-lh.googleusercontent.com/a-/ALV-UjW6bFfVXlZp5onfmunLAEUrUuP8LCE2D-3nMF40rzf9M0zY6Sw,lovely app,5,0,561.0.0.42.67,2026-05-15 09:54:56,,,561.0.0.42.67
2c48577f-4251-432b-92be-1a3d0c552015,Mdrajib Fakir,https://play-lh.googleusercontent.com/a/ACg8ocIxuAiX8pjHai3nuewl5BnLiTWLc0k8pPt2ORGo2GZbFD3hzg=mo,নাইছ,5,0,560.0.0.57.63,2026-05-15 09:52:59,,,560.0.0.57.63
fd117290-e188-4bcd-9b03-eed0d5f9615e,Mary Ann Bolante,https://play-lh.googleusercontent.com/a-/ALV-UjXwLXdBiqpITYObp2Ta3WdAEWSZyuUsjnVHzITNi3Dp6asgXCc,⭐⭐⭐⭐⭐,5,0,560.0.0.57.63,2026-05-15 09:52:30,,,560.0.0.57.63
2850c460-7c1b-4b7a-8e88-2a731cdd9597,Lakhan Saini,https://play-lh.googleusercontent.com/a/ACg8ocKuMPf_hlOek4c7vUcTHlSHYY7pf_bpo54hy4vHdDdqhs73tQ=mo,nice 👍,1,0,560.0.0.57.63,2026-05-15 09:51:50,,,560.0.0.57.63
f463378b-444c-4050-9f58-f8b622ce3444,Raju Chavan,https://play-lh.googleusercontent.com/a/ACg8ocJig3vCHXrC2vSng08T6ZBUX7LYpbLHRH518YxmYJ-FjLXllw=mo,mi khup divsa pasun fb Us karto fb khup chan aap ahe,4,0,560.0.0.57.63,2026-05-15 09:51:48,,,560.0.0.57.63
d9340678-ee76-43a7-8fcc-925a55fc27c7,Edward Forti,https://play-lh.googleusercontent.com/a-/ALV-UjVLSFM2BN6WiJMnu9rEyLcWwHm0_g2b6iHt8ZxrbgrwtGjYkE4,"It's a waste of time. I've stopped using it and I've decided to close my account. I can devote my time to much more productive things. Facebook is full of scammers, and the way Meta sucks up all your info passing it out to other entities is scary. it's just too dangerous to use.",1,0,544.0.0.42.272,2026-05-15 09:51:16,,,544.0.0.42.272
50a728e2-23f1-42f8-9a45-834cbdad4af0,Mashkoorahmed Solangi,https://play-lh.googleusercontent.com/a/ACg8ocKMR3kZDjMR3o8efDr8qzxFhVWnHqWvq435IyLA3UTj9Bpk=mo,better work,3,0,560.0.0.57.63,2026-05-15 09:49:08,,,560.0.0.57.63
ee9d7780-d6a5-4cb3-8f30-f1a476431786,Govind Raj,https://play-lh.googleusercontent.com/a/ACg8ocIpDe2-syw9z7aXGQjv8E6ispRlxqVUGVSA_9LEEQByBoJjLg=mo,गुड लाक,5,0,560.0.0.57.63,2026-05-15 09:46:35,,,560.0.0.57.63
f2ad50f5-3dd3-48ae-a8c2-d3b2e402bfe5,Boniface Abraham,https://play-lh.googleusercontent.com/a-/ALV-UjUzlwwOqTI-Kh5J0M6ORN7OPlYna6VnCN78UGnGxFilXR3yRVNw,Great 👌,5,0,561.0.0.42.67,2026-05-15 09:46:28,,,561.0.0.42.67
d5992e97-9747-4320-bc17-05e6381dab92,Kwaghdedo Wusum,https://play-lh.googleusercontent.com/a-/ALV-UjVmKkzRt28WUFbrJlKdb0-W06CgzuLBjntjFmPNxd3inpEUFL56,stop giving people access to ones Facebook through tracking or spy apps without notification or how to stop it if they noticed,3,0,560.0.0.57.63,2026-05-15 09:43:48,,,560.0.0.57.63
82bc1535-ca07-484d-bc60-310e5e2bbac7,Jandie aras Rabanes,https://play-lh.googleusercontent.com/a-/ALV-UjVZG-z4FictSnMtbOMmzrBAfHUOI6F1NcQagDg_MjrvMJQQzCtZ,"disabled my account without informing me. My Facebook was made years ago, and this is the first time I have encountered this 👎🏿👎🏿",1,0,492.0.0.127.80,2026-05-15 09:42:30,,,492.0.0.127.80
b13f87af-58f3-4963-b756-c4ce969ad420,EW'R ABIR,https://play-lh.googleusercontent.com/a/ACg8ocJb4GBMc8GxKfLy_lh0GP2hCfU3rn7BC1cz2SuI_X2bhWB1SA=mo,💖😌💝,5,0,,2026-05-15 09:41:40,,,
57d636bf-a230-40c7-b26a-e9ec24539f9a,দিগন্ত মিডিয়া,https://play-lh.googleusercontent.com/a-/ALV-UjWvO0QkF0iQSge00Psdcfn1-IXE_jOyRzm0LD-YVnIwyZz0FOGg,good app,5,0,560.0.0.57.63,2026-05-15 09:40:37,,,560.0.0.57.63
cf55433b-2c51-48c5-8b27-1e459fbde8fe,Ivan Laurence Salvania,https://play-lh.googleusercontent.com/a-/ALV-UjWYYD8i_FFybd-tRRxxl7PeYgBTdAR6ZZA7fi_-FPQDNG-Q8Nba,"I have noticed a significant decline in the precision and reliability of the search results lately. The platform no longer provides the exact information I require, and the image results frequently include unreliable or irrelevant content. The current user experience feels less intuitive and accurate than previous iterations; I would appreciate a review of these search quality issues.",1,0,561.0.0.42.67,2026-05-15 09:40:30,,,561.0.0.42.67
7e4fe0e5-5fa1-4d2b-8272-4ab4a23da517,Osim kumar Ray,https://play-lh.googleusercontent.com/a/ACg8ocLWwcriGm8P73bKdeSpRKSKhf1YXMdlIkF5vtEA3GPcnAOn0A=mo,Nic app,5,0,560.0.0.57.63,2026-05-15 09:40:12,,,560.0.0.57.63
fd67f194-b727-4768-b65d-a083e43297a0,Elias Shorif,https://play-lh.googleusercontent.com/a/ACg8ocKhzdvSdYZmsFuguB46h_26Rf9gheU-oYcVZTAUcNxLVA9VLQ=mo,good,5,0,561.0.0.42.67,2026-05-15 09:39:40,,,561.0.0.42.67
6e4d6375-065a-4f8f-bdb4-47a58b52660b,Aswathy Mahesh,https://play-lh.googleusercontent.com/a/ACg8ocL9GXnrMieyWUPkw2ZkEDLGoRfDKouaaHkrnnfRpYsqEX0S5A=mo,not working,1,0,556.0.0.60.64,2026-05-15 09:39:14,,,556.0.0.60.64
214299b9-23db-461e-97b2-bff9645aaa3a,mollah tito,https://play-lh.googleusercontent.com/a/ACg8ocKJSD3fwgCQkirosTG400UoUv_Uoiboygy1GtUVqp2wyXCTHw=mo,fantastic app forever ❤️💕,5,0,561.0.0.42.67,2026-05-15 09:38:56,,,561.0.0.42.67
c82fda69-e8f8-4580-8995-837388a796e6,Phillip Taimatau,https://play-lh.googleusercontent.com/a/ACg8ocJJIUxeo3nz_m1m1bL-Wj_lPINTUZ1yNL7xQUBqwf_grT-jlg=mo,🐌,1,0,560.0.0.57.63,2026-05-15 09:38:54,,,560.0.0.57.63
a70fa652-a185-4a49-a647-4629e0046ad9,SARFARAJ KHAN,https://play-lh.googleusercontent.com/a-/ALV-UjUPBKSFT1G2WTtWijh8fsX1coKH1Wt-isuwK0rP5EWWBwfuh6RO,"I am facing a work problem in my Facebook app. The entire video of any page is not opening and after watching some videos, the same video gets repeated again.",2,0,561.0.0.42.67,2026-05-15 09:37:54,,,561.0.0.42.67
62f620e9-658d-4dba-94b8-369c03801b45,Vernel Icapi,https://play-lh.googleusercontent.com/a-/ALV-UjVZT0J_cmfhtEqh8TApj2CL59Wuon28BKv9aAwCqLrwjXvmeyg,Good but it's getting too large too fast and I have to delete other files to keep the app.,3,0,561.0.0.42.67,2026-05-15 09:37:28,,,561.0.0.42.67
dba80ade-f3a8-4cc4-a0e7-0291d214c0f3,Arthur Brown,https://play-lh.googleusercontent.com/a-/ALV-UjXCuwzN6JMzv3klQ2LLkLK7L7_yK52CVUTcUeyhbv3As3FdSY45,Great game to keep you occupied,5,0,561.0.0.42.67,2026-05-15 09:36:27,,,561.0.0.42.67
70b109fc-0180-4cb5-aabd-df338f4d2b98,Arche Sompreque,https://play-lh.googleusercontent.com/a/ACg8ocLIP5N69At0v1puY7UM-ief3FtdDQ3CyxtxPgccluzfnLKrsw=mo,nice Facebook,5,0,561.0.0.42.67,2026-05-15 09:36:27,,,561.0.0.42.67
32b77e89-225b-4b22-92d9-ffa2df2bc60a,Nemuel Andres,https://play-lh.googleusercontent.com/a-/ALV-UjVzkjv_aOLRrrQCfs2DQj6pNkXeJ25muXNm0Vl51z6zdBNov9ht,my account disabled even i didn't commit any violation and community standard fix it meta,1,0,561.0.0.42.67,2026-05-15 09:34:35,,,561.0.0.42.67
6a6b2cf3-358e-4920-acc9-e93417cb994a,Also babu Lalbabu,https://play-lh.googleusercontent.com/a/ACg8ocIY4dxMfUv2sg7WeS3aptS8HWmTNvhO1KIc62_ccdA1p_2SjA=mo,maink,5,0,,2026-05-15 09:33:25,,,
95ab60a0-be18-4358-bbd1-1b3fbdbc2e9e,Shabreen Shabbu,https://play-lh.googleusercontent.com/a/ACg8ocJKcszb6K71-qykUoQTywJvJFT8oOffZIHNQH-eDnnL0JoZjQ=mo,good,5,0,560.0.0.57.63,2026-05-15 09:32:56,,,560.0.0.57.63
7163837d-b911-42c1-97ec-fc3149d7ce55,Sahil Lilwa,https://play-lh.googleusercontent.com/a/ACg8ocJzE_tLCPccqkxUznpLdNE1h1cJ6mc-L-DBFLYOxObobbitrw=mo,V.Good,5,0,,2026-05-15 09:32:19,,,
6eb9425d-6d77-4266-91bb-b1a5cbd1d540,Phillip Beasley,https://play-lh.googleusercontent.com/a-/ALV-UjXks33mEZepL0MW4e5XipaxVX0KzXdf7vOgtABWxZSn6rSX7F0,just updated and now the group/page button is gone. Stupid move. Time to delete the app and use the web version,1,0,561.0.0.42.67,2026-05-15 09:31:55,,,561.0.0.42.67
92841f1d-d839-4a04-8646-0b72328430c8,Matthew Moses,https://play-lh.googleusercontent.com/a-/ALV-UjUgKmuoij2kHlo1Cbrx3Gcza8dLCvjsNzZJxC_QrPj4T_OdbbEx,"any amazing able you can use for both gender, you will actually enjoy it , yes you can upload videos on the app , yes it does, yes you can send a digital gifts",5,0,558.0.0.70.72,2026-05-15 09:31:25,,,558.0.0.70.72
09afb159-ee35-45fc-b505-e6b0dfa3b6da,michaella lazo,https://play-lh.googleusercontent.com/a-/ALV-UjU5EL-ys70BNLewZfd6TBgOYyCtL9hKqCw2JS7MZi3_bsL7apY,"Hey facebook, I've been using this app for quite a while now and it's been great, but then today i received a notification from Facebook saying I've been suspended for no reason, and i know that i haven't done anything because i rarely open the app for the past several months, im frustrated because its binded to almost of my social media account, i hope you see this and take action for this matter",1,0,,2026-05-15 09:30:00,,,
f13b999e-ad4d-474f-88cb-112933675c89,Manash yadav,https://play-lh.googleusercontent.com/a/ACg8ocJ2I4KaeyBXo20sIBcUg2CXf4oLicFhidRYeLp9WdpkJYUsmw=mo,cool gays,1,0,558.0.0.70.72,2026-05-15 09:29:32,,,558.0.0.70.72
19d15617-1220-46ad-94e6-31eb87274794,Khing Mar,https://play-lh.googleusercontent.com/a/ACg8ocJ5RhSF7N266MWSrWUwi5FcH-ABD-3XMIxShl2VjIWVnzpnSQ=mo,Very good,5,0,,2026-05-15 09:28:46,,,
5e9cd306-f2e0-494b-82cc-efc4899274be,xcloudz 1983,https://play-lh.googleusercontent.com/a/ACg8ocKFOzD_K1QkPsaBNueyHj_ornZ-esOwt3FoQlgIpwGcuFj6Rw=mo,i do use wifi but everytime click link it said buy data or pack to visit the link,1,0,,2026-05-15 09:25:34,,,
732bd7c2-df34-4bd5-833c-128b2dc5acc1,atia dipa,https://play-lh.googleusercontent.com/a-/ALV-UjV2mMr_ARpAHIbKS_iLOZO5NtKk_GLkV0Kr3-u3p9Q6eTLmaFif,Wonderful platform. It’s improved with times.,4,0,560.0.0.57.63,2026-05-15 09:24:56,,,560.0.0.57.63
14fb8d60-c54b-4be0-bcbc-7a6dc6847e8b,MD MOHASIN,https://play-lh.googleusercontent.com/a/ACg8ocINfcahx3ctoCMmk7lPx6DQdc40jlpWCe4OpcmjRznhkJ9opg=mo,ধৈ উঃ ব বড় ই উইং ই গত বড় বড় বড় বড় ডঘ আর গড় গড় গড় গড় ঙ ইন গড় ঘ গড় গ গড় গড় গড় গফ বড় ডড়ববড়ড়ড,3,0,561.0.0.42.67,2026-05-15 09:24:52,,,561.0.0.42.67
393e275f-bd66-4452-bc78-298bb60adb8b,Matru Kumar,https://play-lh.googleusercontent.com/a/ACg8ocJjqHg2EcZLtf42zxPDCuX74KHuyIRAUwlVDllgQJRlVrsWYw=mo,Yeh review specifically us insaan ke liye hai jo sochta hai ki yeh sirf women ke liye hai. Nahi hai. Main proof hoon.,5,0,560.0.0.57.63,2026-05-15 09:23:54,,,560.0.0.57.63
c72007f7-8994-449f-bd20-11c4bac9b2d9,Edwin Delacruz,https://play-lh.googleusercontent.com/a/ACg8ocKjRPXswHQ8njh9Vvx026VR0juOrGTcf9XKyNCjIOkJNgFbvg=mo,cool,5,0,560.0.0.57.63,2026-05-15 09:23:40,,,560.0.0.57.63
250fedd6-f6ea-4566-bff2-414d18e58e11,Sumon Khan,https://play-lh.googleusercontent.com/a/ACg8ocIZqA5IdOETgLTMsZ9n0uinX5ugg0o6KEJtSXGT87INuIl_vA=mo,7 but no Ki,3,0,,2026-05-15 09:22:55,,,
983a9c51-f0d8-4ba9-a80d-7dfe66b0e046,Deepanshu Yadav,https://play-lh.googleusercontent.com/a-/ALV-UjVzAic1wDAX8vdo6Rp-jIdnlD4b2iAkBvPXXjBCzJeAbxB9JXCn,shi app hai,5,0,560.0.0.57.63,2026-05-15 09:22:44,,,560.0.0.57.63
94b30168-6249-43f5-aa51-ff54d22a87e6,Annu Kumari,https://play-lh.googleusercontent.com/a/ACg8ocKfnDZ8okrkvmWH6Bem2K8qB2Ue6rUfgzPSk42Nr2xAzM5NMQ=mo,this app is good,5,0,560.0.0.57.63,2026-05-15 09:19:33,,,560.0.0.57.63
63a33bf5-001a-4b14-bd72-32b838c8d3c6,Santosh Kr. Singh,https://play-lh.googleusercontent.com/a-/ALV-UjWENXoCDx-LqsCGLAmNztq9HdV4cjOPz7NbzKhlNm8JsA68z69o,nice,5,0,561.0.0.42.67,2026-05-15 09:19:31,,,561.0.0.42.67
aced8934-c61b-40fe-9147-59bf8075de41,Elsy,https://play-lh.googleusercontent.com/a/ACg8ocLH6olGk6B1wVsICXASkjrT6hPIhBoE3ZHXoy3iWhG1wtuXhw=mo,I am interested,1,0,,2026-05-15 09:19:16,,,
a89cf96b-12f8-494d-af95-d0ef916503f8,patel shailesh,https://play-lh.googleusercontent.com/a-/ALV-UjUbWGkT41gmfoSFOwXA1EgrSRliKFo-LvyyUQVVzhe6JJBWj81x,"nice, good",5,0,561.0.0.42.67,2026-05-15 09:18:43,,,561.0.0.42.67
3788f948-7d9d-4343-b916-879686e26ac5,Mahmud hasan Labib,https://play-lh.googleusercontent.com/a/ACg8ocKkwhmpGhmUfHGbep3te52wE8QtxxlSdI1xCxUVRlJ7km2wJg=mo,algorithm sucks,1,0,561.0.0.42.67,2026-05-15 09:18:09,,,561.0.0.42.67
a69415e6-23b9-4eba-bd70-7c30be1e5623,Kar Ki Koe's,https://play-lh.googleusercontent.com/a-/ALV-UjUxjo4KOcHrD_vLvXxmf4QS6JCl5RRAEYPDovq7fI9uaQlKA-k,good luck,5,0,558.0.0.70.72,2026-05-15 09:14:25,,,558.0.0.70.72
458e6dd1-34c5-4db0-8d2d-c58cfd4c8b6b,Sagar Gani,https://play-lh.googleusercontent.com/a-/ALV-UjUOy0U6V5n0XW0wcSxk02p4sFXeozJFk4occFx-drI-J_46__8,good,5,0,556.1.0.63.64,2026-05-15 09:13:11,,,556.1.0.63.64
a15e65a7-e6fc-46b8-890d-bd5168918a5c,Bharti mehra,https://play-lh.googleusercontent.com/a-/ALV-UjWNps0k2WKlUpkDNlXVQaiNwSO1lukdJfMJtKiLem1uvkQ7otE,😆😆😆,5,0,,2026-05-15 09:12:32,,,
0374b9d7-2b54-42ed-bad8-4132f220ba52,Mohan Thakur,https://play-lh.googleusercontent.com/a/ACg8ocLw7GpmtjzUYhqH0eSKOnAUpEYlVPGCwh2-AGmYLtH6ObKooQ=mo,Love,1,0,561.0.0.42.67,2026-05-15 09:12:23,,,561.0.0.42.67
5c90cc3a-d978-47ee-9ed2-a9360a8f0685,AFIQ 08,https://play-lh.googleusercontent.com/a/ACg8ocIboB7J02QsQPIY5AEc3M5FF-R5gPoCtyvSrzuC9Zyhg7aatCA=mo,good,5,0,560.0.0.57.63,2026-05-15 09:12:13,,,560.0.0.57.63
878e2bc5-cba6-4730-b28b-e26cb0aa5dd5,Inam Ullah,https://play-lh.googleusercontent.com/a/ACg8ocJF4Xj3RuuBmzJH4Kco6LLI9wDmEmfXWhu6D0tJZEYsrjZkVg=mo,": ""فیس بک ایک بہترین سوشل میڈیا پلٹ فارم ہے جو مجھے اپنے دوستوں اور خاندان سے جڑے رکھتا ہے۔ اس میں بہت ساری مفید خصوصیات ہیں جو میری زندگی کو آسان بناتی ہیں۔ 👍""",5,0,,2026-05-15 09:11:41,,,
5b7d295b-e971-48aa-b968-4d264b27306a,Rajveer Singh Rajput,https://play-lh.googleusercontent.com/a/ACg8ocLzzR3RMyVf42Zgcule8FC29f-mYuQEAChlx4bjm6E5ZxbtEw=mo,worst app,1,0,510.0.0.72.41,2026-05-15 09:10:34,,,510.0.0.72.41
2486e92a-bd98-4a25-ac95-de8f6f98d702,Qani Junuzi,https://play-lh.googleusercontent.com/a/ACg8ocJnVHoMIa7oClww9iWQIiRlXeY4F7D3BW0jPZEAtYgrsiC8dQ=mo,your program ist very good,4,0,,2026-05-15 09:10:23,,,
fc0c1a63-d268-49a8-954d-22d04e06657e,Deepak Tiwari,https://play-lh.googleusercontent.com/a-/ALV-UjXrU6So3H4jhwIxBM2_t7tBI_ru7a8XjEVwPIOy875s79a71s4,nice 👍 God bless you 🙏,5,0,561.0.0.42.67,2026-05-15 09:08:46,,,561.0.0.42.67
457a28e1-6a5d-470c-ba4c-c3f6bde369b9,ANTIKA DAS,https://play-lh.googleusercontent.com/a/ACg8ocISJbR1fS8fphBWSLGD6eF2jRN8SsBwDd1sg8FK1vqbLHbMMw=mo,amazing 🫶😭,5,0,,2026-05-15 09:08:25,,,
8c9174e9-41fc-42be-9aca-f6dcc27b942a,Minu Senapati,https://play-lh.googleusercontent.com/a-/ALV-UjWELtUF5ZSiuXUOUDhQXwklqewl73MEG13NqxtxIQ_s1Yb30RQ,Not interested,2,0,559.1.0.52.72,2026-05-15 09:04:52,,,559.1.0.52.72
03790584-9863-4cf3-b0f1-31197dcd5b3d,Shar min1,https://play-lh.googleusercontent.com/a/ACg8ocKUircXOMYSV06Ij5eoGeYqOeeklhAwDhgnaejJ_rYvWnU7gw=mo,waw,5,0,,2026-05-15 09:03:38,,,
8d1ff687-cbc9-4707-9958-3ce596c415ec,Tawsif Parmanent,https://play-lh.googleusercontent.com/a/ACg8ocI3gktAlXXl0QcfakvtEcbYgHdYC-pnvGdYfA1nim6SIOYnEw=mo,Good,1,0,561.0.0.42.67,2026-05-15 09:03:33,,,561.0.0.42.67
77239252-b6cf-437a-a203-b089b151d3e9,Ed US (isengrapher),https://play-lh.googleusercontent.com/a-/ALV-UjUdT37CiPg2Hy30ssdHbwGQF7r95G_0hoDCQZdnSFyZ-ZVMUVQW,"bangs4d, kenapa sekarang ada iklan judolnya?! udah kehabisan duit ya si meta?",1,0,560.0.0.57.63,2026-05-15 09:03:27,,,560.0.0.57.63
1cbad5e4-ecb5-48c6-bfc6-8f00d1c5cc07,Avijit Kundu,https://play-lh.googleusercontent.com/a-/ALV-UjWTPMj3gg0eh0Wc2h-Ox_hsIPcASdXopdyX7K55iX_1Rann7M2w,good,4,0,,2026-05-15 09:03:23,,,
1e027a45-9cfb-4e02-b98d-b447c7326bd2,Mb RABBE,https://play-lh.googleusercontent.com/a-/ALV-UjWo8hBBIqR3WynqtcAop9We81CIHpp4eXCNzCDqbu4c1bTZEH8,গুড অ্যাপস নাইস অ্যাপস,1,0,,2026-05-15 09:03:21,,,
0eaa6ccc-9738-458d-ae8a-1f5e09924865,Muniya Islam,https://play-lh.googleusercontent.com/a/ACg8ocL-BdTXt3nYstls_t4_sd0IDNCrAvP-ugQ8NrZqUWLSFYSElQ=mo,good app,5,0,560.0.0.57.63,2026-05-15 09:01:45,,,560.0.0.57.63
6c9ca085-0242-4819-b6d1-6d55c6908b4c,Rorisang Manyetsa,https://play-lh.googleusercontent.com/a/ACg8ocLkm-I9edXHzLm7_kcuK5ExU6eSj-ktxfEOtseFOX9Gu7PAlw=mo,well done Facebook huge improvement over the years.,5,0,561.0.0.42.67,2026-05-15 09:01:39,,,561.0.0.42.67
522f8bc9-20f1-4f9b-8440-5e1c0d297d8c,Ram Tiwari,https://play-lh.googleusercontent.com/a-/ALV-UjXY1JpbFHDvVsnjrh8NIHL9AYkx60iwUXGVpSj_loqeRo7YGMbq,very very good,5,0,553.0.0.56.58,2026-05-15 09:01:32,,,553.0.0.56.58
4ffe9771-c808-47d1-8378-8dfb1eeedfb9,Md Jibon,https://play-lh.googleusercontent.com/a/ACg8ocL5q-PUQA6jL3qCf_hd4YSjq5zi4FOZ22bDZGevwoZqw6WRGw=mo,Facebook apps good apps,5,0,560.0.0.57.63,2026-05-15 09:00:11,,,560.0.0.57.63
fcc77a72-294b-4b00-9529-f66f6273dd51,Prince Yadav,https://play-lh.googleusercontent.com/a-/ALV-UjWyM6H9SX0ceQi7ErCH8XsNSNz_tc5RHPvj7pfr9EBwj42IiGuM,स्वाभिमान से समझौता नहीं होगा,5,0,561.0.0.42.67,2026-05-15 08:59:26,,,561.0.0.42.67
7944e988-994f-43fa-bfbd-69725ef7bd40,Shahid Ansari,https://play-lh.googleusercontent.com/a/ACg8ocKJC5wFR0ps4c1BNdxTle-za9NgfPxJZZp-WYV5eyLSMes8dQ=mo,wow,5,0,,2026-05-15 08:57:41,,,
dcc5342a-5095-4180-8579-0f8d52b9e557,Mahak Siroha,https://play-lh.googleusercontent.com/a-/ALV-UjVbRI-WlvCjSAA0n5wbxrA3zfv_0ctnfRP6wdZdPh_0sp_Xk1aR,yes facebook is nyc to connect with frnds whole staying,5,0,,2026-05-15 08:56:24,,,
494c68df-7969-4c94-81b4-81d218820682,Banele Ernest,https://play-lh.googleusercontent.com/a-/ALV-UjU83TH94yagwAcfBovv4px1apzbrVN4F4BS_0BF1p4Nv01XKwjE,superb,5,0,553.0.0.56.58,2026-05-15 08:56:05,,,553.0.0.56.58
16f5d748-6273-40a2-8075-634e714fbf73,Rey Kib,https://play-lh.googleusercontent.com/a-/ALV-UjV978JpwcNLyatMsfAl-MHb6sjJgIiEzAU0l_AgB7QZJsf00-AA,best,5,0,556.0.0.60.64,2026-05-15 08:56:05,,,556.0.0.60.64
32704fcf-bef6-4f1e-a0fc-d89a04c26547,Ramawtar Gahlot,https://play-lh.googleusercontent.com/a/ACg8ocJ-_QzBtt68TJRXNhRS0aUAmcTLBE11DFVlIYx96dOjDUqdmQ=mo,"I am dally uplode video for one year on facebook profile, but content monetization not on please solve this issue",4,0,,2026-05-15 08:55:58,,,
937ba08f-fdd1-4137-ac30-a3267e11b584,khann khem,https://play-lh.googleusercontent.com/a/ACg8ocJqJM4pRw1edhUHx_RTcCYUYhOChTOqMmr3dZSwjy1tmPY8EA=mo,good,5,0,561.0.0.42.67,2026-05-15 08:53:24,,,561.0.0.42.67
18a8f7f2-09b0-4cc1-a42a-6daf31bb841f,Sharon Sharon,https://play-lh.googleusercontent.com/a/ACg8ocIdPtTfDFq4Fdlf6C-nDO60cq3_gQFTWeYQQsiTT6TaiAelbA=mo,Nice,5,0,561.0.0.42.67,2026-05-15 08:52:57,,,561.0.0.42.67
ee9428f7-536e-45e5-8706-151f75bb2395,mdriyad mahmud,https://play-lh.googleusercontent.com/a-/ALV-UjWHEXGpDN2a0fQnrWGfDNKPZ0MFa-WlIvsQEI2S6iSNbSKGLDY,good,5,0,561.0.0.42.67,2026-05-15 08:52:50,,,561.0.0.42.67
0e8500eb-f7bd-426d-8423-9e035026453b,Md Joy,https://play-lh.googleusercontent.com/a-/ALV-UjVk5ZabLkYCGsNtubTVWs6lsaIetyXFaTiWYnsJ2eVZ7XRlw5w,ok,5,0,560.0.0.57.63,2026-05-15 08:52:30,,,560.0.0.57.63
9f0defc3-29cd-4319-bd7c-ca4f256c5f32,Chaman kumar Dulgch,https://play-lh.googleusercontent.com/a/ACg8ocJd_BuVHvXHzjJBI_73GJP2oVuI1nAJCalDOsmT_hXtKItyOg=mo,😊,5,0,560.0.0.57.63,2026-05-15 08:52:19,,,560.0.0.57.63
9b20f7f7-bb2f-4507-8ccb-0ec6d54c9969,The Genius,https://play-lh.googleusercontent.com/a-/ALV-UjV27GuSRzx4S0c4ulS9sln50pUmjpwio7cClSJEE9cl-c5ql14,"As usual, this app is full of glitches. Now the three lines at the top left of my home screen are no longer there, and I have to go to the Notifications bar in order to find them. But on my other profile, they're there.",1,9,561.0.0.42.67,2026-05-15 08:51:55,,,561.0.0.42.67
96e35978-ce4b-4672-ad4d-236dcb36bd92,Tasfir Khan,https://play-lh.googleusercontent.com/a/ACg8ocKcOGxR1LVvzrRWCVvOSwsvkdifrlbs8bzld6SoGWPNY3yXxQ=mo,Best apps,5,0,,2026-05-15 08:51:34,,,
ce905cbb-effa-4134-8c28-11ef6c766286,Adene Peter,https://play-lh.googleusercontent.com/a/ACg8ocKsxFU1wsF4i_wHNg1IBWPETzWsBz4KcDK2nQOJdfg6-apUsA=mo,grateful,5,0,,2026-05-15 08:50:28,,,
dfab9261-c0fe-4971-a66d-0a05588d92fd,Md Mosaddek,https://play-lh.googleusercontent.com/a/ACg8ocJk2F6knW5SiTfXIuf-bMHFFVSBY5PuKX-lXX_L_kvuNTL3zw=mo,good luck,5,0,560.0.0.57.63,2026-05-15 08:49:49,,,560.0.0.57.63
78e1b607-aad0-49df-8a57-22d03ef69dc6,Paula Christine Dela Cruz,https://play-lh.googleusercontent.com/a-/ALV-UjWnKdebZaTu6pV4p6XTIGelAoQaQgNiDVyv3PjgHYmUOOci8TKq,FACEBOOK YOU ARE AWFUL I DID NOT DO ANYTHING AGAINST YOUR POLICY THEN YOU DISABLED MY ACCOUNT THAT IS MY PERSONAL I EVEN GOT META VERIFIED AND THE SUPPORT PAGE IS NOT WORKING TRASH APP OF YOURS HOW DO YOU EXPECT ME TO COMPENSATE??? IM REALLY MAD,1,1,560.0.0.57.63,2026-05-15 08:49:24,,,560.0.0.57.63
67f90982-89f0-4b19-bf92-51536f109528,Benta Dedefo,https://play-lh.googleusercontent.com/a/ACg8ocJAn6_pysk3JrPQJXhUahkOTshjhsIF4ylBp94_mDJpcibejA=mo,Brave,5,0,473.0.0.41.81,2026-05-15 08:49:01,,,473.0.0.41.81
bb904b6a-25c6-4d41-a2fe-a15ae9d2bab3,Shekhu R mandavi,https://play-lh.googleusercontent.com/a-/ALV-UjXr1VyhuzVOj1OFqCnm4qsIRvav54KxTGgQoF1X8NZKMv75vno,good 👍 service,4,0,556.1.0.63.64,2026-05-15 08:48:38,,,556.1.0.63.64
6b971cac-3829-43ef-8479-dc10a64ec412,Juliet Benjamin,https://play-lh.googleusercontent.com/a/ACg8ocKOHkJ5R2dMcEsANzrxZKbZtV4cnyR9XCF_4JvndM8ggl9W5fY=mo,so so,1,0,556.1.0.63.64,2026-05-15 08:47:43,,,556.1.0.63.64
db2f3e72-7bfa-4a72-a50b-3c17d6cf406e,Mk Bymorokoth (Mk Smile),https://play-lh.googleusercontent.com/a-/ALV-UjWCiwTOTpESdA0ENjQE77lLV1faC4aA_-NaBqlDWP-bKKqmMHoO,ការព្យាយាមគង់បានសំរេច,5,0,498.0.0.54.74,2026-05-15 08:47:03,,,498.0.0.54.74
8e56eb1d-1966-4abb-99a3-48b65295b4ba,Ejechi ifeoma,https://play-lh.googleusercontent.com/a/ACg8ocLNtz6tgpoOXKLOPEivwvGkiLMcn6PMXIG9EJz2bxlyxVisAP0=mo,Facebook is my best app 5 star ⭐⭐⭐⭐⭐ for Facebook is reliable,5,0,560.0.0.57.63,2026-05-15 08:46:53,,,560.0.0.57.63
60ed06a4-210d-4ac6-8e58-1b6171b0e75a,Pritesh Gandhi,https://play-lh.googleusercontent.com/a-/ALV-UjX4BZTK4x0kdIvIm5TqXDtKz74cQNSvtgVNHp-7WSyiIfgJ0_vZUA,Excellent work,5,0,560.0.0.57.63,2026-05-15 08:46:32,,,560.0.0.57.63
b023983e-b487-4d21-87da-3a9805b69975,A Google user,https://play-lh.googleusercontent.com/EGemoI2NTXmTsBVtJqk8jxF9rh8ApRWfsIMQSt2uE4OcpQqbFu7f7NbTK05lx80nuSijCz7sc3a277R67g,I absolutely hate the bottons on the bottom of the facebook page now. hate that you cant look for jobs anymore.,1,1,561.0.0.42.67,2026-05-15 08:45:25,,,561.0.0.42.67
36c73cf4-1481-4002-af73-0a871d9a6141,James Ferguson,https://play-lh.googleusercontent.com/a/ACg8ocLm3_NWxeFnyK1oy9uq47fcG65uA9dgCJEnn1krvVZwtaWXFQ=mo,"I have been sending friend requests to my family and friends and they're all saying they didn't get any friend requests, I saw it added them but they didn't get it. why is that happening?",1,0,,2026-05-15 08:43:46,,,
d3c14e7a-50d6-4b1d-b602-593c857ed58d,Nuru Jaman,https://play-lh.googleusercontent.com/a/ACg8ocIOgCm0gBiUv7GNsUxqiBnC3Lhvk_bgeK8rsuZamhgnRLxtPA=mo,খুব ভালো ফেসবুক তাই ফেসবুক চালাচ্ছি এখন আমার হারিয়ে যাওয়ার কোন ভয় নেই,5,0,561.0.0.42.67,2026-05-15 08:43:40,,,561.0.0.42.67
1283248c-a602-4973-bcba-c8faf9603a2c,best Over,https://play-lh.googleusercontent.com/a/ACg8ocIEPNo5CgV7QLiqhBW0VAErHn3U6pKNxIvKG1YXdFSa3m7VEQ=mo,happy,5,0,560.0.0.57.63,2026-05-15 08:40:10,,,560.0.0.57.63
b7f8c4b0-eaad-4e6b-a2ac-e94f3b61e86e,Arman Khan,https://play-lh.googleusercontent.com/a-/ALV-UjUx8ZerjURr-YmDLcebL0M0DH84iflZwF9o3s56snZKWCX-XJKC,wow,5,0,560.0.0.57.63,2026-05-15 08:40:03,,,560.0.0.57.63
467a7219-f5eb-4df8-8bdd-bdda34948c97,Tammy Marshall,https://play-lh.googleusercontent.com/a-/ALV-UjXMsRaM89OKAmoO5JQmj24G9jdidC6fse9GPUV4JXL79X1EUd8E,Facebook is garbage most of the time!!!!!,1,0,498.0.0.54.74,2026-05-15 08:39:52,,,498.0.0.54.74
4e1b8913-18f2-4702-9982-e1c04452c671,Ashish Nagarwal,https://play-lh.googleusercontent.com/a/ACg8ocLM29pKe_xo1r5CrPJ0QD8wPh2O9S1vyzymYj0Wid7u_rdiPA=mo,best app love you Facebook,5,0,561.0.0.42.67,2026-05-15 08:39:37,,,561.0.0.42.67
38756150-fdcc-44d6-a56b-36bd1450bc00,Ashley Lisa Mafo,https://play-lh.googleusercontent.com/a-/ALV-UjVuRB6GRR8U073YqIF422fuyHfYlS1kLeAK5VpIC7XGwsS94wo,good,3,1,300.0.0.51.129,2026-05-15 08:39:17,,,300.0.0.51.129
6026c2b4-496e-450b-a0f8-8b9772ba75fa,Muhammad Shakeel,https://play-lh.googleusercontent.com/a/ACg8ocLjZxeS3BFIr-DZrq6fNBX_eIDsEX47t_wKNCkuAbJKspYNdg=mo,good,5,0,,2026-05-15 08:37:08,,,
76af1500-44aa-4d4e-80f7-83ad88750d6b,puronGoala puronGoala,https://play-lh.googleusercontent.com/a-/ALV-UjWzwDdkPuDvgcfbBeXNFDQ-T7HQkzONEOnPtimkBMZ904hbaDqN,nice 👍,5,0,561.0.0.42.67,2026-05-15 08:36:56,,,561.0.0.42.67
50e0a7be-9bbb-43a4-80f4-f273f2b3fd32,Kamal Pokhrel354,https://play-lh.googleusercontent.com/a-/ALV-UjXMbZrsuuLrpSRjQiWRq5EoV751nrjtVt38qsLUVVwORIZiG7Lr,wow,5,0,561.0.0.42.67,2026-05-15 08:36:44,,,561.0.0.42.67
55fe21c3-f6e6-412d-a39d-a1c8960a3590,Vernon Mumba,https://play-lh.googleusercontent.com/a/ACg8ocIpsZWzbyXUhsAv5TX9NQfyM0C5afta2laiYXqeNWBsgdW6eQ=mo,really good,5,0,,2026-05-15 08:36:24,,,
14a0470a-978c-42bd-aea1-f902a13b39a1,Gulshanvar Khan,https://play-lh.googleusercontent.com/a/ACg8ocIRDwTMNP9j2W0HIE1tllBkHBZEPWmSUJTxUDqkt8CQsH0sBQ=mo,good 👍,5,0,560.0.0.57.63,2026-05-15 08:35:12,,,560.0.0.57.63
1e220a04-1838-4336-b474-515339069ca2,Shean Vidal,https://play-lh.googleusercontent.com/a-/ALV-UjWg_EuszVbv9Eog0KapeWZYhBG2JObA9jsbCy-F9DsoT9ynfYuq,account got restricted then disabled without doing anything blatsgaubo,1,0,560.0.0.57.63,2026-05-15 08:34:59,,,560.0.0.57.63
495e5ba8-7e48-4428-ac40-530e3851a495,Ataul Kabir Sumon,https://play-lh.googleusercontent.com/a/ACg8ocIqBWYHCswZa_9uPLlNERBWEj6RcFCY_v5F4vgC-5eCLF6UGA=mo,very helpful...,5,0,,2026-05-15 08:34:54,,,
edac6048-aaf9-46c7-a228-a3a6d3985088,jane obsuna,https://play-lh.googleusercontent.com/a-/ALV-UjXk4meEeXtUAj7gAMphb8o4LOsV6aZHH0dwi8kEOS_10M7bybo,my all accounts has banned,1,0,,2026-05-15 08:34:30,,,
e6134fbb-0a8f-445f-b519-8e7f026403ec,Protik Omar,https://play-lh.googleusercontent.com/a-/ALV-UjUV9ws3TOSDHUj8B0IrWBBXijqwFiEsvrkb25DMQsV7mBXfEUapfA,Nice,5,0,560.0.0.57.63,2026-05-15 08:32:58,,,560.0.0.57.63
630cb3f6-ad7c-48ba-b329-a54e63153a81,Moe Kyaw,https://play-lh.googleusercontent.com/a-/ALV-UjWgF8xIVgrZ9dAatW87i0J93GAU6tMBzRPQk5brykuvzScXxB0,very good,5,0,561.0.0.42.67,2026-05-15 08:32:54,,,561.0.0.42.67
7259ff67-b929-458e-a8b8-0268c17ac905,Bablu Yadav,https://play-lh.googleusercontent.com/a-/ALV-UjU47RcErP9fftF5sKZLYnhY94CJ4aZkUft62xxLXFugtmTYeYk,थैंक यू मेरे फेसबुक,5,1,561.0.0.42.67,2026-05-15 08:32:51,,,561.0.0.42.67
71e03c03-6002-4b3e-9db6-a4c26c84a5d6,Maung Kyaw,https://play-lh.googleusercontent.com/a/ACg8ocKs2V6MSopFxeSxNSVFceDEYm1tYhADmQ5H9snhb7Vpm_dwFg=mo,good,5,0,561.0.0.42.67,2026-05-15 08:32:45,,,561.0.0.42.67
f716e32e-2701-4435-800a-5323ca945403,Md Nymul,https://play-lh.googleusercontent.com/a/ACg8ocLovb0Y3Leth1FpmESOQsxHIPlMtunb_y0-BfENq94HWF0GMg=mo,thank you,5,0,561.0.0.42.67,2026-05-15 08:31:29,,,561.0.0.42.67
fd4c6a14-926a-466d-a1be-1e668d06d374,coilman 13,https://play-lh.googleusercontent.com/a-/ALV-UjXNxIwUZu6hvWhxBn5Zc0KnaEysuLRou7ddjlZyLEVHiDGFWg4,I'm tired of watching reels and so far gotten 8 ads in the spand of 5min so far theres been more ads then reel go back to old Facebook only on ad at beginning or end of I wanted more ads then shows I would go to YouTube or regular tv,1,0,561.0.0.42.67,2026-05-15 08:31:17,,,561.0.0.42.67
c08ad7b9-d1cb-4a0f-81a8-e6e7b2c3ec36,Long Leakphorn,https://play-lh.googleusercontent.com/a/ACg8ocKjQMQ25l5DgH3WcsrRFz-MftZkx8T8caib1g5gO38wjN2piM8=mo,beautiful,5,0,508.0.0.74.47,2026-05-15 08:28:25,,,508.0.0.74.47
2933cfb1-28c9-4dcd-8251-97529b6aa0e6,Younus Sk,https://play-lh.googleusercontent.com/a-/ALV-UjWsJZRp8S7W7cir0BVD6WFvznbze67n6joooD5pfnA7j7YCTgk,Good,3,0,560.0.0.57.63,2026-05-15 08:28:15,,,560.0.0.57.63
687839e0-2669-4455-b65d-0857b92e11c7,Ban Do,https://play-lh.googleusercontent.com/a/ACg8ocJW4N2POnNT9HuEgG6rRfsgLwpMvI8qsEnjUXKAd704vM3DyA=mo,good,4,0,561.0.0.42.67,2026-05-15 08:27:23,,,561.0.0.42.67
42d94639-940b-42fc-9c04-110460a3db15,Ram Kyas Singh,https://play-lh.googleusercontent.com/a/ACg8ocJjzcjtY42YNH5Ln6lr_WBNjDBdhOsr1tYpZMpIoLo0JCIeeg=mo,pagal,5,0,,2026-05-15 08:27:08,,,
a802149b-df71-4601-b272-f81d57d8c290,Sabya Sachi,https://play-lh.googleusercontent.com/a/ACg8ocJqSQgQ51xTmm_FsFvaOZu-O64cStp_hy7BKZGPXLFbKzQcaA=mo,better,5,0,561.0.0.42.67,2026-05-15 08:25:12,,,561.0.0.42.67
2413c59d-033d-4a64-9303-fcb5f3145526,BOKANG CHRISTOPHER,https://play-lh.googleusercontent.com/a/ACg8ocIqY9Rv1uyBopvNFsTw51cj3sIPuizuyQSofpUdi5d4t779cQ=mo,STILL THE BEST✨💯,5,0,561.0.0.42.67,2026-05-15 08:24:53,,,561.0.0.42.67
c79ddf7d-b161-4f23-8eb5-8a66efce0dde,Brady Jenson,https://play-lh.googleusercontent.com/a/ACg8ocLe57Izmh2FSjKc0L9yw4SwDR31SYVodjovsaG6GB2QKaET0Q=mo,"I ruined my life, Facebook fixed it",5,0,560.0.0.57.63,2026-05-15 08:23:36,,,560.0.0.57.63
e38788aa-929a-4dca-9a68-7a65f526e81b,Sabir Ali,https://play-lh.googleusercontent.com/a/ACg8ocIP79j3422-CjIMaSLlodLXjWNtLACrec6MR-boP6YM1SPOkg=mo,Good,5,0,561.0.0.42.67,2026-05-15 08:23:02,,,561.0.0.42.67
25b4c375-446d-4bb2-903e-dc9d6a8bcef0,Gautam Charan Singh,https://play-lh.googleusercontent.com/a-/ALV-UjUY1OB9mryCS_H5Wl3hJyNOcieZEl3xpqqQiLOcRa_fwWPHxRc,very nice,5,0,,2026-05-15 08:22:13,,,
3152c55c-2184-420d-9c9f-fab3446d5385,Christopher Gaveman,https://play-lh.googleusercontent.com/a/ACg8ocL7REeNFH-D8rxOCC2894bLxAwXhAJVqDbjxaZRBwA_LaPdTg=mo,please update the face book automatically. online.,5,0,,2026-05-15 08:19:41,,,
33725deb-1817-41e5-8b8c-1bc9d521cc7a,Roshelly Solano,https://play-lh.googleusercontent.com/a-/ALV-UjUICxmuV9jnP1K0jUmD9JbRAnW9BKu4YQMKgRD1lA4kvKiFFT5b,give me the option to change the navigation bar from the top to the bottom and vice versa,1,1,561.0.0.42.67,2026-05-15 08:19:22,,,561.0.0.42.67
9ae2a26b-64b8-4015-bb74-299c48345cd7,Johannes Solomon,https://play-lh.googleusercontent.com/a/ACg8ocJawLwK6p-bCtVI1I6cOwPgbKx9GS-g3Yo60-_r_ESqg5TnJZI=mo,finished my data in seconds,2,0,545.0.0.43.63,2026-05-15 08:19:16,,,545.0.0.43.63
2a387382-2857-4f8c-ac0b-9696a9b42582,Mohd Ahmad,https://play-lh.googleusercontent.com/a/ACg8ocJIFXXefUjEOrcgCfC_5pQ-wDYsIda0dpURMzHoXNdaa0z2Ug=mo,mujhe ye face book accha laga,5,0,560.0.0.57.63,2026-05-15 08:19:10,,,560.0.0.57.63
2be1a1c0-5e24-46aa-b4e7-255d6612202c,Munna Kumar,https://play-lh.googleusercontent.com/a-/ALV-UjUtfZeWprTgOTYpKflF_OejONV5ZZL5lpv8BQQfUbMd4snYfLqk,nice,5,0,559.1.0.52.72,2026-05-15 08:18:34,,,559.1.0.52.72
c01f1847-c83e-4b17-8754-622ef1ada04d,MD EBRAHIM KHALIL,https://play-lh.googleusercontent.com/a-/ALV-UjUJuQnUSXYMWMW3a-AZ6hyGNpUHCDKHvDQ7oUhyRkLoMtkeopw,Nice,5,0,436.0.0.35.101,2026-05-15 08:18:22,,,436.0.0.35.101
c28dd577-5d85-4383-b6c8-998c4c94e9aa,Suraiya Akter,https://play-lh.googleusercontent.com/a/ACg8ocKQ7A9oMspR5IsNmnFxTSJGUpv6O3ekqneZ3aFKAZEdHZ0VkQ=mo,ফ্রি ফেসবুক,5,1,560.0.0.57.63,2026-05-15 08:18:07,,,560.0.0.57.63
e414c16a-c58f-4080-8928-b791be83ff05,asik Khan,https://play-lh.googleusercontent.com/a-/ALV-UjW9GJZmoqC_rs_0vwiuuwdIpB89icwIB6HZOB0vNvBfE7ZsZiQh,wonderful,5,1,560.0.0.57.63,2026-05-15 08:15:46,,,560.0.0.57.63
5def1e8e-0cb0-4f89-93ed-b712a6bd7e2e,Md Jim,https://play-lh.googleusercontent.com/a-/ALV-UjXWQpiHOIiHr_Z27p9SV_y4d4giqStdXeB-1j_8vXXcitZyv6v9,awesome,5,0,560.0.0.57.63,2026-05-15 08:15:44,,,560.0.0.57.63
f126d856-7284-434d-8ad1-7540254eb824,Gyan Chakma,https://play-lh.googleusercontent.com/a/ACg8ocI5Ffk9hqT9EvCQ61bdD6ScL0QVxW5qEVD0cl0zj-K3kTw81Q=mo,after Update 2/3 day than come again update why? every 3/4 days coming for update why?,1,0,560.0.0.57.63,2026-05-15 08:12:08,,,560.0.0.57.63
0103c266-f6e7-4825-ad01-e8df55770fed,durgesh kumar,https://play-lh.googleusercontent.com/a-/ALV-UjVT0-D_iqU8WU_-yPEBgLZpL4NE7AsBrSD72PE-RNeRuD0QU0E,ok,5,0,560.0.0.57.63,2026-05-15 08:11:47,,,560.0.0.57.63
f204eef5-1255-422c-aa06-6582458d92cc,Arboleda Mhike,https://play-lh.googleusercontent.com/a-/ALV-UjXX6_T71gZYY_hcJUdymtV0jHcpa4NE8F4gip3Y4CLKGh3RiJE,Love it,5,0,,2026-05-15 08:11:06,,,
fbb3e68d-ffe4-449e-a820-ee54e02be902,Rama Kachi,https://play-lh.googleusercontent.com/a/ACg8ocIismOcMym8_S02dqi1IjcQIt_KA0ireUG9iw0Z24E3alMf3A=mo,FB I love you.....,5,0,,2026-05-15 08:11:04,,,
7527e985-145e-4a97-b33b-311d288f5f55,Sabiha Sultana Mouli,https://play-lh.googleusercontent.com/a/ACg8ocLIfnDwNy8GAJV39FPIKJQWgG2gxM3nqOhK7locMUWnERSd6g=mo,the notification bar is down not up,2,0,,2026-05-15 08:09:32,,,
c9251ee6-9e3a-4a8b-a7e8-5443bd8920d1,Nikhil Neupane,https://play-lh.googleusercontent.com/a-/ALV-UjW_oAEo0TQStdbtsEVX6hmSJvcWTn75aMzKD1IfKXHswAhEh3U,good,1,0,561.0.0.42.67,2026-05-15 08:09:26,,,561.0.0.42.67
048affbf-931b-44f6-8288-ecfae8f4f5f6,Anamika Ghosh,https://play-lh.googleusercontent.com/a-/ALV-UjWPGZcZ4PpmcMNqcFX3XQ4fTfT4Khrq9GUI6wyRXCGx6Dn-pS6VxA,very good,5,0,560.0.0.57.63,2026-05-15 08:07:21,,,560.0.0.57.63
db87f691-43e7-49f4-89b8-2da8f13b995a,Rosemary Gleason,https://play-lh.googleusercontent.com/a-/ALV-UjXs6XmmAN3K0cfal9t2Rw3YmDIuBeiyFoU4v3NjsUeiYC_tjIOa,"hello. How are you as,foŕ me,o k trying to get througĥ loss of my only child .wasgoing to mcdonalds on motorcycle and anurse cut him off trying to beat a,red light and take a lefthand turǹ.let her plea out and walk on to negligent vehi cular homicide.im srywasnt trying tp ignoreYou.Hope you understand.He was 24yrsold would have turned 25 in 9 days,whencwss",2,0,561.0.0.42.67,2026-05-15 08:06:05,,,561.0.0.42.67
fce1eadd-c634-4e04-ab9b-49aedb76d220,Suraj Bhan,https://play-lh.googleusercontent.com/a-/ALV-UjWaoudjag6Lta9IPJC_gc66bOwfAanxp7E4yIzBVwYSKl_3_A,moj place,2,1,,2026-05-15 08:05:58,,,
77f39b3a-c94f-41df-96d8-5d0bc2f7dff4,Hemanta Hikaka,https://play-lh.googleusercontent.com/a-/ALV-UjWcH1__oVG76ZqVrk0rZBIaWTOiruvd6SU9lqnl6-Bh_XP-3NQ,good,4,0,561.0.0.42.67,2026-05-15 08:05:45,,,561.0.0.42.67
61d368c8-9ee5-44af-ad5a-b6fa297be771,Pat Kidson,https://play-lh.googleusercontent.com/a-/ALV-UjVicLaD35n95rbIw2fqM7fFio-vlYcosY17DcI4zxy2M-ye2gA,Constantly refuses to open. Works one day after an update then cannot connect message. Either using my isp data or wi fi from home internet connection. update 15 May 2026. This app updated on my Samsung phone at 2. 48 am this morning. I logged in at around 6 am. the bars above or close to the heading Facebook are gone. I cant log out. Tried switching off. phone. moving from wi fi to data. waste of time. very angry,1,0,561.0.0.42.67,2026-05-15 08:05:29,,,561.0.0.42.67
a973e181-c510-40c5-87c0-788e0e1a188b,Mdarif Subhani,https://play-lh.googleusercontent.com/a-/ALV-UjWunL0IcS91Mv_Rg6eGGFFVn1ShQS0gNs6t8-MA5_zE0tZPO8rU,good,5,0,560.0.0.57.63,2026-05-15 08:05:24,,,560.0.0.57.63
87821f51-4818-4923-96a9-6c65f94eb6e1,Samson Tano,https://play-lh.googleusercontent.com/a-/ALV-UjW70chj4kGB3E8oXCMcA8FkWc4fv_GCKxUG0URId4vRnx0rC_0,all good,5,0,560.0.0.57.63,2026-05-15 08:04:40,,,560.0.0.57.63
2c82680e-a898-4e63-b77a-aec5f8bd0c8a,Pinki Thakur,https://play-lh.googleusercontent.com/a/ACg8ocIqzMWMHGYoAaosFRQlvr3fwQ3oAMFwPWSaWJbsN_tGQ-bQaA=mo,this app is not open,1,0,561.0.0.42.67,2026-05-15 08:01:12,,,561.0.0.42.67
8bc288a1-7e13-4b12-8112-6501c829d48f,Ashu Katariya,https://play-lh.googleusercontent.com/a/ACg8ocKZ9E0DzW3brdoUG1Jxr4HBE_JFUuB-4pPswcFoo4I0Gce0Zw=mo,Facebook thank you so much❤️,5,0,560.0.0.57.63,2026-05-15 08:00:36,,,560.0.0.57.63
7e8373a3-b12b-4b42-b5e9-e90bfce19057,najmul haque,https://play-lh.googleusercontent.com/a-/ALV-UjWbdElfHft2_B2zr_p2NZmYrZPPpaRie_UwkVAalSYrTvLG-tk,nice,5,0,,2026-05-15 08:00:28,,,
696c2f99-3720-4783-9902-7682d0e64def,Mohammad Arshed,https://play-lh.googleusercontent.com/a-/ALV-UjWmvtu4UJoo1xHDyLb3o83QCGjkgMElkfaX1n3E8Tc-7dRewHA,I love this app as it has made the way of communication easy to easiest. for this we can easily communicate with our closest ones.but one more thing that the past feather was the best features.,5,0,560.0.0.57.63,2026-05-15 08:00:05,,,560.0.0.57.63
db904bd2-abce-4759-a2d6-2e60b367ca2f,Deepak Das,https://play-lh.googleusercontent.com/a/ACg8ocJH7ifnX2cmvtRKjMC3HtIadda2lvbA9RgBpq8QjTSIHixNMw=mo,"আমি এমন একটা লাকি মানুষ যে ইন্ডিয়াতে ফেসবুক ইউজ করি আমার ফেসবুক থেকে ইনকাম করার সুযোগও দেয় , আর বেশি কিছু বলবো না 🙏 ফেসবুক ইউজ করে আমি খুব খুশি I am impress Fesbook 🤦❤️❤️",5,0,561.0.0.42.67,2026-05-15 07:59:46,,,561.0.0.42.67
d79c7ab1-c3a0-438a-8217-bbef50fd785a,Dillu Meena,https://play-lh.googleusercontent.com/a-/ALV-UjV8GyOl7UjcyG4sv8JLK-ZYm4UXoHn4tPUzXd5YTb7StLo8jLZW,प्लीज फेसबुक अपडेट,5,0,556.1.0.63.64,2026-05-15 07:59:00,,,556.1.0.63.64
c5511d14-25c2-4917-8a74-eb3fd0ee0bd3,Obong Emma,https://play-lh.googleusercontent.com/a/ACg8ocJrQp1X_ywBWf0NjR-GKKdfsjSd65rznHyFb97JaPfE2-pNjw=mo,amazing 😍,5,0,558.0.0.70.72,2026-05-15 07:58:39,,,558.0.0.70.72
9c7762fd-93cb-4b94-9bf2-cef3dcd8d732,jojo escalona,https://play-lh.googleusercontent.com/a-/ALV-UjW1KXGd5LLgFfuixKgnMYRkn6VdkfD1r9FUj9-wQ0IG28khW_c,excellent...,5,0,561.0.0.42.67,2026-05-15 07:58:10,,,561.0.0.42.67
b4d8b4fd-8ba9-472c-9156-2176d492bbcf,David Omoniyi,https://play-lh.googleusercontent.com/a/ACg8ocLXJc8uHxZkBWtrEew0vDctsNQM_qBKFJINrTmc4o-KFIiKMg=mo,it's funny,5,0,551.1.0.58.63,2026-05-15 07:57:31,,,551.1.0.58.63
3f4fcdf3-1138-43dc-965b-4a1ef571666d,Ambuj Mishra,https://play-lh.googleusercontent.com/a-/ALV-UjUWWkOzjbfDDZPQlSgrzQFbJTt9RyrBjahnMEpthPyVjbaNDDIb,Thank you,5,0,561.0.0.42.67,2026-05-15 07:57:25,,,561.0.0.42.67
d5708baf-5e92-441f-9789-20a7f4771645,BABBAN KUMAR,https://play-lh.googleusercontent.com/a-/ALV-UjXIW_K9HPkNPV546JObz23JzaJ3vQt-Kv4soIknNxdnXyjBGYQV,excellent service by rjd,5,0,556.0.0.60.64,2026-05-15 07:56:00,,,556.0.0.60.64
79bdac15-08d4-4277-9b1e-fd664fbda30a,Nandan Kumar,https://play-lh.googleusercontent.com/a/ACg8ocJO2VivbbaBi05fsWN66wkE-wZQLqz9Db8AiPGmCdHo9peO5Q=mo,nice app,1,0,560.0.0.57.63,2026-05-15 07:55:06,,,560.0.0.57.63
3b069e49-e886-42dc-bc87-353509482ab6,RASHEL R 520,https://play-lh.googleusercontent.com/a-/ALV-UjUami68v1kASAA0CCQg-tCZJIcgmGzSfRuxkeNWllmTKGPd3pyW,Awesome app,4,0,561.0.0.42.67,2026-05-15 07:54:58,,,561.0.0.42.67
866c5f9e-6042-432d-9195-8530459e47ed,Md Rasel,https://play-lh.googleusercontent.com/a/ACg8ocLSzfCE0_ftgpt3CNPYzA3Mbm6v6zAvBIRdeqb2g1xiIWBsMw=mo,nice,5,0,,2026-05-15 07:52:48,,,
058e8ea6-7e97-411e-82bc-a3cf71d73a11,Dorcas mkhaliphi,https://play-lh.googleusercontent.com/a/ACg8ocJ0WZFrghIPDWREMPTyCjImTXrA3x4BY_Bzc36xCFVP7BrWYA=mo,its nice but we need to have best years award so that we can reward old Facebook users,5,0,,2026-05-15 07:50:28,,,
a2879c9f-82d9-4aa0-904e-c2c9706866bf,Md Mahmodul Hasan,https://play-lh.googleusercontent.com/a-/ALV-UjW1UEajPEaOwbyakWRNW98KYQfSlZ3wG-CA8E3tv28x13yj3bPB,good luck 🤞,3,0,560.0.0.57.63,2026-05-15 07:50:15,,,560.0.0.57.63
b5b2c6af-e46f-457a-89db-7e14f0ecd07f,Arian Ahmed,https://play-lh.googleusercontent.com/a/ACg8ocJxh-ymPl3tqMEVo4b6EbIzgR0Awfp_KAj6QoywOF9U_VxHcQ=mo,nic,5,0,561.0.0.42.67,2026-05-15 07:48:58,,,561.0.0.42.67
b91c6f23-7c12-43f1-a35d-076ebd50622b,Dave Valenzuela,https://play-lh.googleusercontent.com/a/ACg8ocKP5xQIRuJ1q1Rl7FCyFEWx6JN0D4ZYcbz5xHLdTpiBiXihug=mo,good and great,5,0,561.0.0.42.67,2026-05-15 07:48:27,,,561.0.0.42.67
3a6cab56-8d95-4952-9d4e-af0203a027e1,Kushwaha Brother,https://play-lh.googleusercontent.com/a-/ALV-UjXF-uuNn54fX4c05aR4MV4n0kTBAkH8ic5spqYWOALLd_tuYtk,good very nice,5,0,,2026-05-15 07:45:26,,,
ab1de24b-300f-4494-8e29-10532951b783,Kashna Mohammad,https://play-lh.googleusercontent.com/a-/ALV-UjU_vnMUSm6Xe44W8ole36KTtWzio28HLb6glJOW04VgnwapHzka,good,5,0,560.0.0.57.63,2026-05-15 07:38:50,,,560.0.0.57.63
6075baa3-e17e-4f3f-8e40-8bdb69cd11ae,chan chan,https://play-lh.googleusercontent.com/a/ACg8ocKbdbRxpkcqacEDKOE68QLBOnF6sbCSlii4D4Vr5_7l20Hcnw=mo,I like,5,0,561.0.0.42.67,2026-05-15 07:35:44,,,561.0.0.42.67
50efbe97-3cd9-41a2-9171-1b5edacf99cb,Jeanny Avanica,https://play-lh.googleusercontent.com/a/ACg8ocLoC3ewuD7yk6qmHWKfgQ7A5jKcWOV7tMjHtn1ED6PA803Jsw=mo,Good,5,0,548.1.0.51.64,2026-05-15 07:35:20,,,548.1.0.51.64
e5725e98-c999-4d42-979e-3f0d20c23a33,John Alex Deocampo,https://play-lh.googleusercontent.com/a-/ALV-UjXVrM-C7dzU4FZELy48mwoFKitwJkydSLtKVL1eJuITvXpDnOdh,disable my acc for no reason lmao,1,0,560.0.0.57.63,2026-05-15 07:34:33,,,560.0.0.57.63
8d5a685e-9590-40ac-9702-8a546f5c176e,Sk Sumon,https://play-lh.googleusercontent.com/a/ACg8ocK8ti1ySfyDJIxTfwmSyhmRD6iXpyLmgbZqOoHQWlC2KjHEKQ=mo,good app,5,0,560.0.0.57.63,2026-05-15 07:32:35,,,560.0.0.57.63
1769e752-e2d6-49b7-8cd7-8809784b6808,Rifat Hossen Rafi,https://play-lh.googleusercontent.com/a-/ALV-UjUtlkTBg5fShxPq6JVql1o7tEMfWs_4qzQMylymSaBbxCdd7_Y,চমৎকার,5,0,561.0.0.42.67,2026-05-15 07:31:00,,,561.0.0.42.67
f0b7d556-5f5e-4dbb-aecd-7a9cac98f000,Shubham Kumar,https://play-lh.googleusercontent.com/a-/ALV-UjVeGYUcQC2S4fxcp13QE_lb6y1l4ahHdyZApuF-NPQ6Jm2MYRyp,bahut badhiya hai yah,5,0,560.0.0.57.63,2026-05-15 07:28:50,,,560.0.0.57.63
31127807-5e44-480a-b8ab-d027559166af,S.R. Siju,https://play-lh.googleusercontent.com/a-/ALV-UjWqpgue1vP9ggcXiv3-A_LmsslwG96bmIwy2ZHdDrGSpWRbbrsh,i want to leave from developer mood,1,0,523.0.0.39.61,2026-05-15 07:28:33,,,523.0.0.39.61
cb7fc84a-e86c-4a9e-a777-79459f7f3191,ian wanchez,https://play-lh.googleusercontent.com/a/ACg8ocL6QvN4ggk3y5QD-VpoNPv4LkTNVK3OYd7HZ4xGtW06QkwjNA=mo,"Worst app! stupid Ai moderation, one star",1,0,467.1.0.52.83,2026-05-15 07:27:21,,,467.1.0.52.83
6e83ce6b-b687-46a4-8887-f0d352458852,President Yaros,https://play-lh.googleusercontent.com/a-/ALV-UjXMz8C-uTYfurenYtx40d1h4-j6mGWOz7CKS9j3M09QMORgzCg,it's ok.... at least they got rid of that fact check sht,3,0,560.0.0.57.63,2026-05-15 07:26:43,,,560.0.0.57.63
ca2cd1ea-7a7e-463b-a53f-a498e915bed6,MiniMind Blowers with M.A MiniMind Blowers with M.A,https://play-lh.googleusercontent.com/a-/ALV-UjViohbRggPYyK990quycICr5h8L3m58om7YBeW4E8KDzVGUJ44C,"Facebook remains an unparalleled digital colossus, an indomitable platform that has fundamentally redefined the paradigms of interpersonal connectivity and information dissemination in the contemporary epoch. Its multifaceted architecture amalgamates social networking, content curation, and communicative immediacy into a singular, seamless ecosystem. thank you for you creator .",5,1,561.0.0.42.67,2026-05-15 07:24:47,,,561.0.0.42.67
